{"cameraMode":{"drawMode":0,"name":"Shaded","section":"Shading Mode"},"sceneLighting":false,"audioPlay":false,"sceneViewState":{"showFog":true,"showMaterialUpdate":false,"showSkybox":false,"showFlares":true,"showImageEffects":true,"showParticleSystems":true},"in2DMode":false,"pivot":{"x":18.974105834960939,"y":7.517859935760498,"z":-17.1260986328125},"rotation":{"x":-0.04109424725174904,"y":-0.005756906699389219,"z":-0.0002874196507036686,"w":0.9991995692253113},"size":0.7224738001823425,"orthographic":false}